step,score_1,score_2,different,identical_output
1,0.0,0.0,False,False
2,0.0,0.0,False,False
3,0.0,0.0,False,False
4,0.7384615540504456,0.7384615540504456,False,False
5,0.0,0.6769230961799622,True,False
6,0.0,0.782608687877655,True,False
7,0.7384615540504456,0.0,True,False
8,0.33898305892944336,0.0,True,False
9,0.0,0.0,False,False
10,0.0,0.0,False,False
11,0.0,0.0,False,False
12,0.0,0.0,False,False
13,0.0,0.0,False,False
14,0.0,0.0,False,True
15,0.0,0.0,False,False
16,0.0,0.0,False,False
17,0.0,0.0,False,False
18,0.0,0.0,False,False
19,0.0,0.0,False,True
20,0.0,0.0,False,False
21,0.0,0.0,False,True
22,0.0,0.7272727489471436,True,False
23,0.0,0.0,False,True
24,0.0,0.0,False,False
25,0.0,0.0,False,True
26,0.0,0.0,False,True
27,0.0,0.0,False,True
28,0.0,0.0,False,True
29,0.0,0.0,False,False
30,0.0,0.0,False,False
31,0.0,0.0,False,True
32,0.0,0.0,False,True
33,0.0,0.0,False,False
34,0.0,0.0,False,False
35,0.0,0.0,False,True
36,0.0,0.6153846383094788,True,False
37,0.0,0.0,False,False
38,0.0,0.0,False,False
39,0.0,0.0,False,False
40,0.0,0.0,False,False
41,0.0,0.0,False,True
42,0.0,0.0,False,False
43,0.3199999928474426,0.17777778208255768,True,False
44,1.0,1.0,False,False
45,0.0,0.0,False,False
46,0.17777778208255768,1.0,True,False
47,1.0,0.7111111283302307,True,False
48,0.0,0.0,False,False
49,0.6000000238418579,0.4000000059604645,True,False
50,1.0,0.4571428596973419,True,False
51,1.0,1.0,False,True
52,0.0,0.0,False,False
53,0.4444444477558136,0.0,True,False
54,0.0,0.0,False,False
55,0.0,0.0,False,True
56,0.17777778208255768,0.3199999928474426,True,False
57,0.0,0.0,False,False
58,0.0,0.0,False,False
59,0.0,0.0,False,False
60,0.4000000059604645,0.4000000059604645,False,True
61,0.0,0.0,False,False
62,0.22857142984867096,0.22857142984867096,False,False
63,0.0,0.5333333611488342,True,False
64,0.0,0.0,False,False
65,0.4444444477558136,1.0,True,False
66,0.0,1.0,True,False
67,0.0,0.7111111283302307,True,False
68,1.0,1.0,False,True
69,0.6399999856948853,0.3199999928474426,True,False
70,0.0,0.0,False,False
71,0.0,0.0,False,False
72,0.0,0.26446279883384705,True,False
73,0.0,0.0,False,False
74,0.0,0.2370370328426361,True,False
75,0.0,0.0,False,False
76,0.0,0.0,False,False
77,0.2461538463830948,0.290909081697464,True,False
78,0.0,0.0,False,False
79,0.0,0.0,False,False
80,0.0,0.0,False,False
81,0.0,0.0,False,False
82,0.0,0.0,False,False
83,0.4000000059604645,0.4000000059604645,False,False
84,0.0,0.0,False,False
85,0.0,0.0,False,False
86,1.0,0.4000000059604645,True,False
87,0.3199999928474426,0.3199999928474426,False,False
88,1.0,0.6000000238418579,True,False
89,0.0,0.0,False,False
90,0.4000000059604645,0.4000000059604645,False,False
91,0.0,0.0,False,False
92,0.4000000059604645,0.4000000059604645,False,False
93,0.0,0.4000000059604645,True,False
94,1.0,0.5333333611488342,True,False
95,0.4000000059604645,0.4000000059604645,False,False
96,0.17777778208255768,0.17777778208255768,False,False
97,0.0,0.0,False,False
98,0.0,0.0,False,False
99,1.0,1.0,False,False
100,0.0,0.0,False,False
101,1.0,0.7200000286102295,True,False
102,0.4571428596973419,0.5333333611488342,True,False
103,0.0,0.0,False,False
104,0.4571428596973419,0.4571428596973419,False,False
105,0.6222222447395325,0.5894736647605896,True,False
106,0.5333333611488342,0.5333333611488342,False,False
107,0.0,0.0,False,False
108,0.5600000023841858,1.0,True,False
109,0.4000000059604645,0.4000000059604645,False,False
110,0.5333333611488342,0.4000000059604645,True,False
111,0.4000000059604645,0.4000000059604645,False,False
112,0.7272727489471436,0.6545454263687134,True,False
113,0.0,0.0,False,False
114,1.0,0.4000000059604645,True,False
115,0.22857142984867096,0.4000000059604645,True,False
116,0.1599999964237213,0.1599999964237213,False,False
117,0.0,0.0,False,False
118,1.0,0.4000000059604645,True,False
119,0.0,0.6399999856948853,True,False
120,0.3199999928474426,0.22857142984867096,True,False
121,0.4571428596973419,0.5333333611488342,True,False
122,0.0,0.0,False,False
123,0.0,0.4000000059604645,True,False
124,0.0,0.0,False,False
125,0.0,0.0,False,False
126,0.4000000059604645,0.3199999928474426,True,False
127,0.0,0.0,False,False
128,1.0,1.0,False,True
129,0.3199999928474426,0.4000000059604645,True,False
130,0.0,0.4000000059604645,True,False
131,0.4000000059604645,0.4000000059604645,False,False
132,0.0,0.4000000059604645,True,False
133,0.0,0.0,False,False
134,0.7272727489471436,0.7272727489471436,False,True
135,0.0,0.0,False,False
136,0.5333333611488342,0.5333333611488342,False,False
137,0.13333334028720856,0.13333334028720856,False,False
138,0.5333333611488342,0.4571428596973419,True,False
139,0.2666666805744171,0.3199999928474426,True,False
140,0.3199999928474426,0.3199999928474426,False,False
141,0.5925925970077515,0.6857143044471741,True,False
142,0.2666666805744171,0.5333333611488342,True,False
143,0.0,0.0,False,False
144,0.20000000298023224,0.6857143044471741,True,False
145,0.2666666805744171,0.2666666805744171,False,False
146,0.4000000059604645,0.4000000059604645,False,False
147,0.6399999856948853,0.6399999856948853,False,False
148,1.0,1.0,False,False
149,0.46666666865348816,0.46666666865348816,False,True
150,0.0,0.0,False,False
151,1.0,0.6857143044471741,True,False
152,0.4000000059604645,0.4000000059604645,False,False
153,0.4000000059604645,0.4000000059604645,False,False
154,0.5333333611488342,0.5333333611488342,False,False
155,0.0,0.0,False,False
156,0.0,0.0,False,False
157,0.0,0.0,False,False
158,0.0,0.0,False,False
159,0.0,0.0,False,False
160,0.2666666805744171,0.35555556416511536,True,False
161,0.6666666865348816,0.0,True,False
162,0.22857142984867096,0.2666666805744171,True,False
163,0.5333333611488342,0.5333333611488342,False,False
164,0.0,0.0,False,False
165,0.5333333611488342,0.5333333611488342,False,False
166,0.4000000059604645,0.4000000059604645,False,True
167,0.0,0.0,False,False
168,0.7111111283302307,0.7111111283302307,False,True
169,0.1599999964237213,0.0,True,False
170,1.0,0.7333333492279053,True,False
171,0.5565217137336731,0.626086950302124,True,False
172,0.0,0.0,False,False
173,0.4571428596973419,0.4571428596973419,False,False
174,0.6000000238418579,0.6000000238418579,False,False
175,0.4000000059604645,0.4000000059604645,False,False
176,0.4000000059604645,0.4000000059604645,False,False
177,0.5333333611488342,0.5333333611488342,False,False
178,0.0,0.0,False,False
179,0.0,0.0,False,False
180,0.4571428596973419,0.4571428596973419,False,False
181,0.4000000059604645,0.3199999928474426,True,False
182,0.0,0.0,False,False
183,0.4000000059604645,0.4000000059604645,False,False
184,0.0,0.0,False,False
185,1.0,0.5333333611488342,True,False
186,0.0,0.0,False,False
187,0.4000000059604645,0.4000000059604645,False,False
188,0.0,0.0,False,False
189,1.0,1.0,False,False
190,0.0,0.4000000059604645,True,False
191,0.4000000059604645,0.35555556416511536,True,False
192,0.4000000059604645,0.4000000059604645,False,True
193,0.0,0.0,False,False
194,0.4363636374473572,0.4363636374473572,False,False
195,0.0,0.0,False,False
196,0.0,0.0,False,False
197,0.0,0.0,False,False
198,0.0,0.0,False,False
199,0.0,0.0,False,False
200,0.5333333611488342,0.5333333611488342,False,False
201,0.35555556416511536,0.35555556416511536,False,False
202,0.0,0.0,False,False
203,0.4000000059604645,0.4000000059604645,False,False
204,0.4363636374473572,0.6000000238418579,True,False
205,0.0,0.0,False,False
206,0.0,0.0,False,False
207,0.3199999928474426,0.4000000059604645,True,False
208,0.0,0.0,False,False
209,1.0,0.5333333611488342,True,False
210,0.0,0.0,False,False
211,0.0,0.0,False,False
212,0.4000000059604645,0.4000000059604645,False,False
213,0.4000000059604645,0.3199999928474426,True,False
214,0.5333333611488342,0.5333333611488342,False,False
215,0.0,0.0,False,False
216,0.0,0.0,False,False
217,0.0,0.0,False,False
218,0.0,0.0,False,False
219,0.22857142984867096,0.4571428596973419,True,False
220,0.0,0.0,False,False
221,1.0,1.0,False,True
222,1.0,1.0,False,True
223,0.0,0.0,False,False
224,0.4000000059604645,0.4000000059604645,False,False
225,1.0,1.0,False,True
226,1.0,0.5090909004211426,True,False
227,0.4000000059604645,0.2666666805744171,True,False
228,0.0,0.0,False,False
229,0.0,0.0,False,False
230,0.0,0.0,False,False
231,0.0,0.0,False,False
232,0.4000000059604645,0.4000000059604645,False,False
233,0.0,0.0,False,False
234,0.0,0.4000000059604645,True,False
235,0.5333333611488342,0.5333333611488342,False,False
236,1.0,0.4000000059604645,True,False
237,0.0,0.0,False,False
238,0.4000000059604645,0.4000000059604645,False,False
239,0.0,0.0,False,False
240,0.0,0.0,False,False
241,0.4000000059604645,0.4000000059604645,False,False
242,0.0,0.0,False,False
243,0.0,0.0,False,False
244,0.0,0.0,False,False
245,0.2666666805744171,0.4000000059604645,True,False
246,0.0,0.0,False,False
247,0.3199999928474426,0.3199999928474426,False,False
248,0.0,0.0,False,False
249,1.0,1.0,False,True
250,0.4000000059604645,0.4000000059604645,False,False
251,0.0,0.0,False,False
252,0.5333333611488342,0.4571428596973419,True,False
253,1.0,0.4000000059604645,True,False
254,0.0,0.0,False,False
255,0.0,0.0,False,False
256,0.5333333611488342,0.5333333611488342,False,False
257,0.4000000059604645,0.0,True,False
258,0.4000000059604645,0.0,True,False
259,0.5333333611488342,0.5333333611488342,False,False
260,0.22857142984867096,0.22857142984867096,False,False
261,0.6666666865348816,0.47999998927116394,True,False
262,1.0,1.0,False,True
263,0.0,0.0,False,False
264,0.3199999928474426,0.3199999928474426,False,False
265,0.0,0.0,False,False
266,1.0,1.0,False,True
267,0.0,0.0,False,False
268,0.0,0.0,False,False
269,0.6518518328666687,0.5538461804389954,True,False
270,0.4000000059604645,0.4000000059604645,False,False
271,0.4000000059604645,0.4000000059604645,False,False
272,0.5333333611488342,0.5333333611488342,False,False
273,0.4000000059604645,0.4000000059604645,False,False
274,0.22857142984867096,0.22857142984867096,False,False
275,0.0,0.1599999964237213,True,False
276,0.4000000059604645,0.4000000059604645,False,True
277,0.3199999928474426,0.4000000059604645,True,False
278,0.0,0.0,False,False
279,0.4000000059604645,0.4000000059604645,False,False
280,0.4000000059604645,0.4000000059604645,False,False
281,0.4000000059604645,0.4000000059604645,False,False
282,0.4000000059604645,0.4000000059604645,False,False
283,0.4000000059604645,0.4000000059604645,False,True
284,1.0,0.5333333611488342,True,False
285,0.5333333611488342,0.4000000059604645,True,False
286,0.13333334028720856,0.13333334028720856,False,False
287,0.0,0.0,False,False
288,0.6769230961799622,0.7680000066757202,True,False
289,0.4000000059604645,0.4000000059604645,False,False
290,0.22857142984867096,0.22857142984867096,False,False
291,0.6399999856948853,0.6399999856948853,False,False
292,0.4571428596973419,0.6000000238418579,True,False
293,0.4571428596973419,0.35555556416511536,True,False
294,0.5333333611488342,1.0,True,False
295,0.0,0.0,False,False
296,0.20000000298023224,0.0,True,False
297,0.2666666805744171,0.6399999856948853,True,False
298,0.0,0.0,False,False
299,0.0,0.0,False,False
300,1.0,1.0,False,True
301,0.5333333611488342,0.4571428596973419,True,False
302,0.0,0.0,False,False
303,0.1599999964237213,0.0,True,False
304,0.0,0.0,False,False
305,0.4000000059604645,1.0,True,False
306,0.4000000059604645,0.4000000059604645,False,False
307,0.0,0.0,False,False
308,0.4000000059604645,0.4000000059604645,False,False
309,0.4000000059604645,0.4000000059604645,False,False
310,0.4000000059604645,0.3199999928474426,True,False
311,0.22857142984867096,0.22857142984867096,False,False
312,0.0,0.0,False,False
313,0.3199999928474426,0.2666666805744171,True,False
314,0.4000000059604645,0.4000000059604645,False,True
315,0.0,0.0,False,False
316,0.4571428596973419,0.22857142984867096,True,False
317,0.6095238327980042,1.0,True,False
318,0.4000000059604645,0.3199999928474426,True,False
319,1.0,1.0,False,False
320,0.5333333611488342,0.5333333611488342,False,False
321,0.5333333611488342,0.6666666865348816,True,False
322,0.4000000059604645,0.4000000059604645,False,False
323,1.0,1.0,False,True
324,0.0,0.0,False,False
325,1.0,1.0,False,True
326,0.4000000059604645,0.4000000059604645,False,False
327,0.0,0.0,False,False
328,0.0,0.0,False,False
329,0.5333333611488342,0.5333333611488342,False,False
330,0.0,0.0,False,False
331,1.0,1.0,False,True
332,0.4000000059604645,0.4000000059604645,False,False
333,0.7111111283302307,0.7384615540504456,True,False
334,0.3199999928474426,0.4000000059604645,True,False
335,0.0,0.0,False,False
336,0.6857143044471741,1.0,True,False
337,0.4571428596973419,0.22857142984867096,True,False
338,0.3199999928474426,0.3199999928474426,False,True
339,1.0,1.0,False,True
340,0.4000000059604645,0.4000000059604645,False,False
341,0.0,0.0,False,False
342,0.0,0.0,False,False
343,0.6399999856948853,1.0,True,False
344,0.20000000298023224,0.0,True,False
345,0.0,0.0,False,False
346,0.0,0.0,False,False
347,0.0,0.0,False,False
348,0.4000000059604645,0.4000000059604645,False,False
349,0.4000000059604645,0.4000000059604645,False,False
350,0.0,0.0,False,False
351,0.0,0.0,False,False
352,0.4000000059604645,0.3199999928474426,True,False
353,0.3199999928474426,0.4000000059604645,True,False
354,0.6000000238418579,0.0,True,False
355,0.6095238327980042,0.6095238327980042,False,True
356,0.22857142984867096,0.20000000298023224,True,False
357,0.4000000059604645,0.4000000059604645,False,False
358,0.4000000059604645,0.4000000059604645,False,False
359,0.0,0.0,False,False
360,0.4000000059604645,0.4000000059604645,False,False
361,0.0,0.0,False,False
362,0.0,0.0,False,False
363,0.4000000059604645,0.4000000059604645,False,False
364,0.4000000059604645,0.4000000059604645,False,False
365,1.0,1.0,False,False
366,0.581818163394928,0.47999998927116394,True,False
367,0.6000000238418579,0.6000000238418579,False,False
368,0.3199999928474426,0.3199999928474426,False,False
369,0.4000000059604645,0.4000000059604645,False,True
370,0.4000000059604645,0.4000000059604645,False,False
371,0.4000000059604645,0.3199999928474426,True,False
372,0.4000000059604645,0.4000000059604645,False,False
373,0.6000000238418579,0.6000000238418579,False,False
374,0.0,0.0,False,False
375,0.0,0.0,False,False
376,0.0,0.0,False,False
377,0.5333333611488342,0.3199999928474426,True,False
378,0.4571428596973419,0.4571428596973419,False,True
379,0.0,0.0,False,False
380,0.47999998927116394,0.4363636374473572,True,False
381,0.0,0.0,False,False
382,0.0,0.0,False,False
383,0.0,0.0,False,False
384,0.0,0.0,False,False
385,0.0,0.0,False,False
386,0.0,0.0,False,False
387,0.0,0.0,False,False
388,0.0,0.0,False,False
389,0.0,0.0,False,False
390,0.0,0.0,False,False
391,0.0,0.0,False,False
392,0.0,0.0,False,False
393,0.0,0.0,False,False
394,0.0,0.0,False,False
395,0.0,0.0,False,False
396,0.0,0.0,False,False
397,0.0,0.0,False,False
398,0.0,0.0,False,False
399,1.0,1.0,False,True
400,0.0,0.0,False,False
401,0.0,0.0,False,False
402,0.0,0.0,False,True
403,0.0,0.0,False,True
404,0.0,0.0,False,False
405,1.0,1.0,False,True
406,0.0,0.0,False,False
407,0.0,0.0,False,False
408,0.5090909004211426,0.5090909004211426,False,False
409,0.0,0.0,False,True
410,0.0,0.0,False,False
411,0.0,0.0,False,False
412,0.0,0.0,False,True
413,0.0,0.0,False,True
414,0.0,0.0,False,True
415,0.0,0.0,False,True
416,0.0,0.0,False,True
417,0.0,0.0,False,False
418,0.0,0.0,False,True
419,0.0,0.0,False,True
420,0.0,0.0,False,False
421,0.0,1.0,True,False
422,0.0,0.4000000059604645,True,False
423,0.4000000059604645,0.4000000059604645,False,False
424,0.0,0.0,False,False
425,0.4000000059604645,0.4000000059604645,False,False
426,0.4000000059604645,0.4000000059604645,False,False
427,0.4000000059604645,0.4000000059604645,False,False
428,0.4000000059604645,0.4000000059604645,False,False
429,0.4000000059604645,0.4000000059604645,False,False
430,0.4000000059604645,0.4000000059604645,False,False
431,0.4000000059604645,0.4000000059604645,False,False
432,0.4000000059604645,0.0,True,False
433,0.4000000059604645,0.4000000059604645,False,False
434,0.4000000059604645,0.4000000059604645,False,False
435,0.4000000059604645,0.4000000059604645,False,False
436,0.4000000059604645,0.4000000059604645,False,False
437,0.4000000059604645,0.4000000059604645,False,False
438,0.4000000059604645,0.4000000059604645,False,False
439,0.4000000059604645,0.4000000059604645,False,False
440,0.4000000059604645,0.4000000059604645,False,False
441,0.4000000059604645,0.4000000059604645,False,False
442,0.4000000059604645,0.0,True,False
443,0.0,0.0,False,False
444,0.0,0.0,False,False
445,0.0,0.0,False,False
446,0.0,0.0,False,False
447,0.5333333611488342,0.5333333611488342,False,False
448,0.5333333611488342,0.5333333611488342,False,True
449,1.0,1.0,False,True
450,1.0,0.5333333611488342,True,False
451,0.4000000059604645,0.4000000059604645,False,True
452,0.20000000298023224,0.22857142984867096,True,False
453,0.7272727489471436,1.0,True,False
454,1.0,0.7272727489471436,True,False
455,1.0,1.0,False,True
456,0.4000000059604645,0.6000000238418579,True,False
457,1.0,1.0,False,True
458,0.6857143044471741,0.4571428596973419,True,False
459,0.0,0.4571428596973419,True,False
460,1.0,0.5333333611488342,True,False
461,0.6000000238418579,0.0,True,False
462,0.0,0.0,False,False
463,0.0,0.0,False,False
464,0.0,0.0,False,False
465,1.0,1.0,False,True
466,1.0,1.0,False,True
467,1.0,1.0,False,True
468,1.0,1.0,False,True
469,1.0,1.0,False,True
470,1.0,1.0,False,True
471,1.0,1.0,False,True
472,1.0,1.0,False,True
473,0.4000000059604645,0.4000000059604645,False,False
474,0.0,0.2545454502105713,True,False
475,0.0,0.0,False,False
476,0.6399999856948853,1.0,True,False
477,0.5714285969734192,0.5714285969734192,False,True
478,0.0,0.0,False,False
479,0.0,0.0,False,False
