step,sample,mode,before,after
1,1,unchanged,0.0,0.0
1,2,unchanged,0.0,0.0
2,1,unchanged,0.0,0.0
2,2,unchanged,0.0,0.0
3,1,unchanged,0.0,0.0
3,2,unchanged,0.0,0.0
4,1,unchanged,0.7384615540504456,0.7384615540504456
4,2,unchanged,0.7384615540504456,0.7384615540504456
5,1,unchanged,0.0,0.0
5,2,unchanged,0.6769230961799622,0.6769230961799622
6,1,unchanged,0.0,0.0
6,2,unchanged,0.782608687877655,0.782608687877655
7,1,unchanged,0.7384615540504456,0.7384615540504456
7,2,unchanged,0.0,0.0
8,1,unchanged,0.33898305892944336,0.33898305892944336
8,2,unchanged,0.0,0.0
9,1,response_wrapper,0.0,0.7272727272727273
9,2,response_wrapper,0.0,0.7272727272727273
10,1,response_wrapper,0.0,0.7272727272727273
10,2,unchanged,0.0,0.0
11,1,whole_fence,0.0,0.0
11,2,unchanged,0.0,0.0
12,1,response_wrapper,0.0,0.7272727272727273
12,2,response_wrapper,0.0,1.0
13,1,response_wrapper,0.0,0.6545454545454547
13,2,response_wrapper,0.0,0.5818181818181819
14,1,response_wrapper,0.0,1.0
14,2,response_wrapper,0.0,1.0
15,1,response_wrapper,0.0,0.7272727272727273
15,2,response_wrapper,0.0,1.0
16,1,response_wrapper,0.0,0.5818181818181819
16,2,response_wrapper,0.0,0.5818181818181819
17,1,response_wrapper,0.0,0.6545454545454547
17,2,response_wrapper,0.0,0.5818181818181819
18,1,response_wrapper,0.0,1.0
18,2,response_wrapper,0.0,1.0
19,1,response_wrapper,0.0,0.7272727272727273
19,2,response_wrapper,0.0,0.7272727272727273
20,1,response_wrapper,0.0,1.0
20,2,response_wrapper,0.0,0.7272727272727273
21,1,response_wrapper,0.0,1.0
21,2,response_wrapper,0.0,1.0
22,1,response_wrapper,0.0,0.7272727272727273
22,2,unchanged,0.7272727489471436,0.7272727489471436
23,1,response_wrapper,0.0,1.0
23,2,response_wrapper,0.0,1.0
24,1,response_wrapper,0.0,1.0
24,2,response_wrapper,0.0,1.0
25,1,response_wrapper,0.0,1.0
25,2,response_wrapper,0.0,1.0
26,1,response_wrapper,0.0,1.0
26,2,response_wrapper,0.0,1.0
27,1,response_wrapper,0.0,1.0
27,2,response_wrapper,0.0,1.0
28,1,response_wrapper,0.0,1.0
28,2,response_wrapper,0.0,1.0
29,1,response_wrapper,0.0,1.0
29,2,response_wrapper,0.0,0.7272727272727273
30,1,response_wrapper,0.0,1.0
30,2,response_wrapper,0.0,1.0
31,1,response_wrapper,0.0,1.0
31,2,response_wrapper,0.0,1.0
32,1,response_wrapper,0.0,0.5818181818181819
32,2,response_wrapper,0.0,0.5818181818181819
33,1,response_wrapper,0.0,0.7272727272727273
33,2,response_wrapper,0.0,0.6545454545454547
34,1,response_wrapper,0.0,0.7272727272727273
34,2,response_wrapper,0.0,0.6545454545454547
35,1,whole_fence,0.0,1.0
35,2,whole_fence,0.0,1.0
36,1,whole_fence,0.0,0.5538461538461539
36,2,unchanged,0.6153846383094788,0.6153846383094788
37,1,whole_fence,0.0,1.0
37,2,unchanged,0.0,0.0
38,1,whole_fence,0.0,0.0
38,2,whole_fence,0.0,0.0
39,1,response_wrapper,0.0,0.7272727272727273
39,2,response_wrapper,0.0,1.0
40,1,response_wrapper,0.0,1.0
40,2,response_wrapper,0.0,1.0
41,1,response_wrapper,0.0,0.6545454545454547
41,2,response_wrapper,0.0,0.6545454545454547
42,1,unchanged,0.0,0.0
42,2,whole_fence,0.0,0.0
43,1,unchanged,0.3199999928474426,0.3199999928474426
43,2,unchanged,0.17777778208255768,0.17777778208255768
44,1,unchanged,1.0,1.0
44,2,unchanged,1.0,1.0
45,1,response_wrapper,0.0,0.6545454545454547
45,2,response_wrapper,0.0,0.7272727272727273
46,1,unchanged,0.17777778208255768,0.17777778208255768
46,2,unchanged,1.0,1.0
47,1,unchanged,1.0,1.0
47,2,unchanged,0.7111111283302307,0.7111111283302307
48,1,response_wrapper,0.0,0.6545454545454547
48,2,response_wrapper,0.0,0.5818181818181819
49,1,unchanged,0.6000000238418579,0.6000000238418579
49,2,unchanged,0.4000000059604645,0.4000000059604645
50,1,unchanged,1.0,1.0
50,2,unchanged,0.4571428596973419,0.4571428596973419
51,1,unchanged,1.0,1.0
51,2,unchanged,1.0,1.0
52,1,response_wrapper,0.0,0.7272727272727273
52,2,response_wrapper,0.0,0.7272727272727273
53,1,unchanged,0.4444444477558136,0.4444444477558136
53,2,unchanged,0.0,0.0
54,1,response_wrapper,0.0,1.0
54,2,response_wrapper,0.0,1.0
55,1,response_wrapper,0.0,0.7272727272727273
55,2,response_wrapper,0.0,0.7272727272727273
56,1,unchanged,0.17777778208255768,0.17777778208255768
56,2,unchanged,0.3199999928474426,0.3199999928474426
57,1,response_wrapper,0.0,0.7272727272727273
57,2,response_wrapper,0.0,1.0
58,1,response_wrapper,0.0,1.0
58,2,response_wrapper,0.0,0.7272727272727273
59,1,response_wrapper,0.0,0.7272727272727273
59,2,response_wrapper,0.0,0.6545454545454547
60,1,unchanged,0.4000000059604645,0.4000000059604645
60,2,unchanged,0.4000000059604645,0.4000000059604645
61,1,response_wrapper,0.0,1.0
61,2,response_wrapper,0.0,0.7272727272727273
62,1,unchanged,0.22857142984867096,0.22857142984867096
62,2,unchanged,0.22857142984867096,0.22857142984867096
63,1,unchanged,0.0,0.0
63,2,unchanged,0.5333333611488342,0.5333333611488342
64,1,response_wrapper,0.0,1.0
64,2,response_wrapper,0.0,0.7200000000000001
65,1,unchanged,0.4444444477558136,0.4444444477558136
65,2,unchanged,1.0,1.0
66,1,unchanged,0.0,0.0
66,2,unchanged,1.0,1.0
67,1,unchanged,0.0,0.0
67,2,unchanged,0.7111111283302307,0.7111111283302307
68,1,unchanged,1.0,1.0
68,2,unchanged,1.0,1.0
69,1,unchanged,0.6399999856948853,0.6399999856948853
69,2,unchanged,0.3199999928474426,0.3199999928474426
70,1,unchanged,0.0,0.0
70,2,unchanged,0.0,0.0
71,1,unchanged,0.0,0.0
71,2,unchanged,0.0,0.0
72,1,unchanged,0.0,0.0
72,2,unchanged,0.26446279883384705,0.26446279883384705
73,1,unchanged,0.0,0.0
73,2,unchanged,0.0,0.0
74,1,unchanged,0.0,0.0
74,2,unchanged,0.2370370328426361,0.2370370328426361
75,1,unchanged,0.0,0.0
75,2,unchanged,0.0,0.0
76,1,unchanged,0.0,0.0
76,2,unchanged,0.0,0.0
77,1,unchanged,0.2461538463830948,0.2461538463830948
77,2,unchanged,0.290909081697464,0.290909081697464
78,1,unchanged,0.0,0.0
78,2,unchanged,0.0,0.0
79,1,unchanged,0.0,0.0
79,2,unchanged,0.0,0.0
80,1,whole_fence,0.0,0.0
80,2,unchanged,0.0,0.0
81,1,whole_fence,0.0,0.0
81,2,unchanged,0.0,0.0
82,1,whole_fence,0.0,0.0
82,2,unchanged,0.0,0.0
83,1,unchanged,0.4000000059604645,0.4000000059604645
83,2,unchanged,0.4000000059604645,0.4000000059604645
84,1,unchanged,0.0,0.0
84,2,whole_fence,0.0,0.0
85,1,whole_fence,0.0,0.0
85,2,whole_fence,0.0,0.0
86,1,unchanged,1.0,1.0
86,2,unchanged,0.4000000059604645,0.4000000059604645
87,1,unchanged,0.3199999928474426,0.3199999928474426
87,2,unchanged,0.3199999928474426,0.3199999928474426
88,1,unchanged,1.0,1.0
88,2,unchanged,0.6000000238418579,0.6000000238418579
89,1,unchanged,0.0,0.0
89,2,whole_fence,0.0,0.0
90,1,unchanged,0.4000000059604645,0.4000000059604645
90,2,unchanged,0.4000000059604645,0.4000000059604645
91,1,unchanged,0.0,0.0
91,2,unchanged,0.0,0.0
92,1,unchanged,0.4000000059604645,0.4000000059604645
92,2,unchanged,0.4000000059604645,0.4000000059604645
93,1,unchanged,0.0,0.0
93,2,unchanged,0.4000000059604645,0.4000000059604645
94,1,unchanged,1.0,1.0
94,2,unchanged,0.5333333611488342,0.5333333611488342
95,1,unchanged,0.4000000059604645,0.4000000059604645
95,2,unchanged,0.4000000059604645,0.4000000059604645
96,1,unchanged,0.17777778208255768,0.17777778208255768
96,2,unchanged,0.17777778208255768,0.17777778208255768
97,1,whole_fence,0.0,0.0
97,2,whole_fence,0.0,0.0
98,1,unchanged,0.0,0.0
98,2,unchanged,0.0,0.0
99,1,unchanged,1.0,1.0
99,2,unchanged,1.0,1.0
100,1,whole_fence,0.0,0.0
100,2,whole_fence,0.0,0.0
101,1,unchanged,1.0,1.0
101,2,unchanged,0.7200000286102295,0.7200000286102295
102,1,unchanged,0.4571428596973419,0.4571428596973419
102,2,unchanged,0.5333333611488342,0.5333333611488342
103,1,whole_fence,0.0,0.0
103,2,whole_fence,0.0,0.0
104,1,unchanged,0.4571428596973419,0.4571428596973419
104,2,unchanged,0.4571428596973419,0.4571428596973419
105,1,unchanged,0.6222222447395325,0.6222222447395325
105,2,unchanged,0.5894736647605896,0.5894736647605896
106,1,unchanged,0.5333333611488342,0.5333333611488342
106,2,unchanged,0.5333333611488342,0.5333333611488342
107,1,whole_fence,0.0,0.0
107,2,whole_fence,0.0,0.0
108,1,unchanged,0.5600000023841858,0.5600000023841858
108,2,unchanged,1.0,1.0
109,1,unchanged,0.4000000059604645,0.4000000059604645
109,2,unchanged,0.4000000059604645,0.4000000059604645
110,1,unchanged,0.5333333611488342,0.5333333611488342
110,2,unchanged,0.4000000059604645,0.4000000059604645
111,1,unchanged,0.4000000059604645,0.4000000059604645
111,2,unchanged,0.4000000059604645,0.4000000059604645
112,1,unchanged,0.7272727489471436,0.7272727489471436
112,2,unchanged,0.6545454263687134,0.6545454263687134
113,1,whole_fence,0.0,0.0
113,2,unchanged,0.0,0.0
114,1,unchanged,1.0,1.0
114,2,unchanged,0.4000000059604645,0.4000000059604645
115,1,unchanged,0.22857142984867096,0.22857142984867096
115,2,unchanged,0.4000000059604645,0.4000000059604645
116,1,unchanged,0.1599999964237213,0.1599999964237213
116,2,unchanged,0.1599999964237213,0.1599999964237213
117,1,unchanged,0.0,0.0
117,2,whole_fence,0.0,0.0
118,1,unchanged,1.0,1.0
118,2,unchanged,0.4000000059604645,0.4000000059604645
119,1,unchanged,0.0,0.0
119,2,unchanged,0.6399999856948853,0.6399999856948853
120,1,unchanged,0.3199999928474426,0.3199999928474426
120,2,unchanged,0.22857142984867096,0.22857142984867096
121,1,unchanged,0.4571428596973419,0.4571428596973419
121,2,unchanged,0.5333333611488342,0.5333333611488342
122,1,unchanged,0.0,0.0
122,2,unchanged,0.0,0.0
123,1,unchanged,0.0,0.0
123,2,unchanged,0.4000000059604645,0.4000000059604645
124,1,whole_fence,0.0,0.0
124,2,unchanged,0.0,0.0
125,1,unchanged,0.0,0.0
125,2,unchanged,0.0,0.0
126,1,unchanged,0.4000000059604645,0.4000000059604645
126,2,unchanged,0.3199999928474426,0.3199999928474426
127,1,whole_fence,0.0,0.0
127,2,whole_fence,0.0,0.0
128,1,unchanged,1.0,1.0
128,2,unchanged,1.0,1.0
129,1,unchanged,0.3199999928474426,0.3199999928474426
129,2,unchanged,0.4000000059604645,0.4000000059604645
130,1,unchanged,0.0,0.0
130,2,unchanged,0.4000000059604645,0.4000000059604645
131,1,unchanged,0.4000000059604645,0.4000000059604645
131,2,unchanged,0.4000000059604645,0.4000000059604645
132,1,unchanged,0.0,0.0
132,2,unchanged,0.4000000059604645,0.4000000059604645
133,1,whole_fence,0.0,0.0
133,2,whole_fence,0.0,0.0
134,1,unchanged,0.7272727489471436,0.7272727489471436
134,2,unchanged,0.7272727489471436,0.7272727489471436
135,1,whole_fence,0.0,0.0
135,2,whole_fence,0.0,0.0
136,1,unchanged,0.5333333611488342,0.5333333611488342
136,2,unchanged,0.5333333611488342,0.5333333611488342
137,1,unchanged,0.13333334028720856,0.13333334028720856
137,2,unchanged,0.13333334028720856,0.13333334028720856
138,1,unchanged,0.5333333611488342,0.5333333611488342
138,2,unchanged,0.4571428596973419,0.4571428596973419
139,1,unchanged,0.2666666805744171,0.2666666805744171
139,2,unchanged,0.3199999928474426,0.3199999928474426
140,1,unchanged,0.3199999928474426,0.3199999928474426
140,2,unchanged,0.3199999928474426,0.3199999928474426
141,1,unchanged,0.5925925970077515,0.5925925970077515
141,2,unchanged,0.6857143044471741,0.6857143044471741
142,1,unchanged,0.2666666805744171,0.2666666805744171
142,2,unchanged,0.5333333611488342,0.5333333611488342
143,1,whole_fence,0.0,0.0
143,2,unchanged,0.0,0.0
144,1,unchanged,0.20000000298023224,0.20000000298023224
144,2,unchanged,0.6857143044471741,0.6857143044471741
145,1,unchanged,0.2666666805744171,0.2666666805744171
145,2,unchanged,0.2666666805744171,0.2666666805744171
146,1,unchanged,0.4000000059604645,0.4000000059604645
146,2,unchanged,0.4000000059604645,0.4000000059604645
147,1,unchanged,0.6399999856948853,0.6399999856948853
147,2,unchanged,0.6399999856948853,0.6399999856948853
148,1,unchanged,1.0,1.0
148,2,unchanged,1.0,1.0
149,1,unchanged,0.46666666865348816,0.46666666865348816
149,2,unchanged,0.46666666865348816,0.46666666865348816
150,1,whole_fence,0.0,0.0
150,2,whole_fence,0.0,0.0
151,1,unchanged,1.0,1.0
151,2,unchanged,0.6857143044471741,0.6857143044471741
152,1,unchanged,0.4000000059604645,0.4000000059604645
152,2,unchanged,0.4000000059604645,0.4000000059604645
153,1,unchanged,0.4000000059604645,0.4000000059604645
153,2,unchanged,0.4000000059604645,0.4000000059604645
154,1,unchanged,0.5333333611488342,0.5333333611488342
154,2,unchanged,0.5333333611488342,0.5333333611488342
155,1,whole_fence,0.0,0.0
155,2,whole_fence,0.0,0.0
156,1,unchanged,0.0,0.0
156,2,unchanged,0.0,0.0
157,1,whole_fence,0.0,0.0
157,2,unchanged,0.0,0.0
158,1,unchanged,0.0,0.0
158,2,unchanged,0.0,0.0
159,1,whole_fence,0.0,0.0
159,2,whole_fence,0.0,0.0
160,1,unchanged,0.2666666805744171,0.2666666805744171
160,2,unchanged,0.35555556416511536,0.35555556416511536
161,1,unchanged,0.6666666865348816,0.6666666865348816
161,2,unchanged,0.0,0.0
162,1,unchanged,0.22857142984867096,0.22857142984867096
162,2,unchanged,0.2666666805744171,0.2666666805744171
163,1,unchanged,0.5333333611488342,0.5333333611488342
163,2,unchanged,0.5333333611488342,0.5333333611488342
164,1,whole_fence,0.0,0.0
164,2,unchanged,0.0,0.0
165,1,unchanged,0.5333333611488342,0.5333333611488342
165,2,unchanged,0.5333333611488342,0.5333333611488342
166,1,unchanged,0.4000000059604645,0.4000000059604645
166,2,unchanged,0.4000000059604645,0.4000000059604645
167,1,unchanged,0.0,0.0
167,2,unchanged,0.0,0.0
168,1,unchanged,0.7111111283302307,0.7111111283302307
168,2,unchanged,0.7111111283302307,0.7111111283302307
169,1,unchanged,0.1599999964237213,0.1599999964237213
169,2,unchanged,0.0,0.0
170,1,unchanged,1.0,1.0
170,2,unchanged,0.7333333492279053,0.7333333492279053
171,1,unchanged,0.5565217137336731,0.5565217137336731
171,2,unchanged,0.626086950302124,0.626086950302124
172,1,unchanged,0.0,0.0
172,2,whole_fence,0.0,0.0
173,1,unchanged,0.4571428596973419,0.4571428596973419
173,2,unchanged,0.4571428596973419,0.4571428596973419
174,1,unchanged,0.6000000238418579,0.6000000238418579
174,2,unchanged,0.6000000238418579,0.6000000238418579
175,1,unchanged,0.4000000059604645,0.4000000059604645
175,2,unchanged,0.4000000059604645,0.4000000059604645
176,1,unchanged,0.4000000059604645,0.4000000059604645
176,2,unchanged,0.4000000059604645,0.4000000059604645
177,1,unchanged,0.5333333611488342,0.5333333611488342
177,2,unchanged,0.5333333611488342,0.5333333611488342
178,1,unchanged,0.0,0.0
178,2,whole_fence,0.0,0.0
179,1,whole_fence,0.0,0.0
179,2,unchanged,0.0,0.0
180,1,unchanged,0.4571428596973419,0.4571428596973419
180,2,unchanged,0.4571428596973419,0.4571428596973419
181,1,unchanged,0.4000000059604645,0.4000000059604645
181,2,unchanged,0.3199999928474426,0.3199999928474426
182,1,whole_fence,0.0,0.0
182,2,whole_fence,0.0,0.0
183,1,unchanged,0.4000000059604645,0.4000000059604645
183,2,unchanged,0.4000000059604645,0.4000000059604645
184,1,whole_fence,0.0,0.0
184,2,whole_fence,0.0,0.0
185,1,unchanged,1.0,1.0
185,2,unchanged,0.5333333611488342,0.5333333611488342
186,1,whole_fence,0.0,0.0
186,2,whole_fence,0.0,0.0
187,1,unchanged,0.4000000059604645,0.4000000059604645
187,2,unchanged,0.4000000059604645,0.4000000059604645
188,1,unchanged,0.0,0.0
188,2,whole_fence,0.0,0.0
189,1,unchanged,1.0,1.0
189,2,unchanged,1.0,1.0
190,1,unchanged,0.0,0.0
190,2,unchanged,0.4000000059604645,0.4000000059604645
191,1,unchanged,0.4000000059604645,0.4000000059604645
191,2,unchanged,0.35555556416511536,0.35555556416511536
192,1,unchanged,0.4000000059604645,0.4000000059604645
192,2,unchanged,0.4000000059604645,0.4000000059604645
193,1,unchanged,0.0,0.0
193,2,whole_fence,0.0,0.0
194,1,unchanged,0.4363636374473572,0.4363636374473572
194,2,unchanged,0.4363636374473572,0.4363636374473572
195,1,unchanged,0.0,0.0
195,2,whole_fence,0.0,0.0
196,1,whole_fence,0.0,0.0
196,2,whole_fence,0.0,0.0
197,1,unchanged,0.0,0.0
197,2,whole_fence,0.0,0.0
198,1,unchanged,0.0,0.0
198,2,whole_fence,0.0,0.0
199,1,whole_fence,0.0,0.0
199,2,whole_fence,0.0,0.0
200,1,unchanged,0.5333333611488342,0.5333333611488342
200,2,unchanged,0.5333333611488342,0.5333333611488342
201,1,unchanged,0.35555556416511536,0.35555556416511536
201,2,unchanged,0.35555556416511536,0.35555556416511536
202,1,whole_fence,0.0,0.0
202,2,unchanged,0.0,0.0
203,1,unchanged,0.4000000059604645,0.4000000059604645
203,2,unchanged,0.4000000059604645,0.4000000059604645
204,1,unchanged,0.4363636374473572,0.4363636374473572
204,2,unchanged,0.6000000238418579,0.6000000238418579
205,1,unchanged,0.0,0.0
205,2,whole_fence,0.0,0.0
206,1,whole_fence,0.0,0.0
206,2,whole_fence,0.0,0.0
207,1,unchanged,0.3199999928474426,0.3199999928474426
207,2,unchanged,0.4000000059604645,0.4000000059604645
208,1,whole_fence,0.0,0.16000000000000003
208,2,unchanged,0.0,0.0
209,1,unchanged,1.0,1.0
209,2,unchanged,0.5333333611488342,0.5333333611488342
210,1,unchanged,0.0,0.0
210,2,unchanged,0.0,0.0
211,1,unchanged,0.0,0.0
211,2,whole_fence,0.0,0.0
212,1,unchanged,0.4000000059604645,0.4000000059604645
212,2,unchanged,0.4000000059604645,0.4000000059604645
213,1,unchanged,0.4000000059604645,0.4000000059604645
213,2,unchanged,0.3199999928474426,0.3199999928474426
214,1,unchanged,0.5333333611488342,0.5333333611488342
214,2,unchanged,0.5333333611488342,0.5333333611488342
215,1,whole_fence,0.0,0.0
215,2,whole_fence,0.0,0.0
216,1,unchanged,0.0,0.0
216,2,unchanged,0.0,0.0
217,1,whole_fence,0.0,0.0
217,2,unchanged,0.0,0.0
218,1,unchanged,0.0,0.0
218,2,unchanged,0.0,0.0
219,1,unchanged,0.22857142984867096,0.22857142984867096
219,2,unchanged,0.4571428596973419,0.4571428596973419
220,1,whole_fence,0.0,0.0
220,2,unchanged,0.0,0.0
221,1,unchanged,1.0,1.0
221,2,unchanged,1.0,1.0
222,1,unchanged,1.0,1.0
222,2,unchanged,1.0,1.0
223,1,unchanged,0.0,0.0
223,2,unchanged,0.0,0.0
224,1,unchanged,0.4000000059604645,0.4000000059604645
224,2,unchanged,0.4000000059604645,0.4000000059604645
225,1,unchanged,1.0,1.0
225,2,unchanged,1.0,1.0
226,1,unchanged,1.0,1.0
226,2,unchanged,0.5090909004211426,0.5090909004211426
227,1,unchanged,0.4000000059604645,0.4000000059604645
227,2,unchanged,0.2666666805744171,0.2666666805744171
228,1,unchanged,0.0,0.0
228,2,whole_fence,0.0,0.0
229,1,whole_fence,0.0,0.0
229,2,whole_fence,0.0,0.0
230,1,whole_fence,0.0,0.0
230,2,unchanged,0.0,0.0
231,1,unchanged,0.0,0.0
231,2,unchanged,0.0,0.0
232,1,unchanged,0.4000000059604645,0.4000000059604645
232,2,unchanged,0.4000000059604645,0.4000000059604645
233,1,whole_fence,0.0,0.0
233,2,whole_fence,0.0,0.0
234,1,unchanged,0.0,0.0
234,2,unchanged,0.4000000059604645,0.4000000059604645
235,1,unchanged,0.5333333611488342,0.5333333611488342
235,2,unchanged,0.5333333611488342,0.5333333611488342
236,1,unchanged,1.0,1.0
236,2,unchanged,0.4000000059604645,0.4000000059604645
237,1,unchanged,0.0,0.0
237,2,unchanged,0.0,0.0
238,1,unchanged,0.4000000059604645,0.4000000059604645
238,2,unchanged,0.4000000059604645,0.4000000059604645
239,1,whole_fence,0.0,0.0
239,2,unchanged,0.0,0.0
240,1,whole_fence,0.0,0.0
240,2,unchanged,0.0,0.0
241,1,unchanged,0.4000000059604645,0.4000000059604645
241,2,unchanged,0.4000000059604645,0.4000000059604645
242,1,unchanged,0.0,0.0
242,2,unchanged,0.0,0.0
243,1,whole_fence,0.0,0.0
243,2,whole_fence,0.0,0.0
244,1,whole_fence,0.0,0.0
244,2,unchanged,0.0,0.0
245,1,unchanged,0.2666666805744171,0.2666666805744171
245,2,unchanged,0.4000000059604645,0.4000000059604645
246,1,unchanged,0.0,0.0
246,2,unchanged,0.0,0.0
247,1,unchanged,0.3199999928474426,0.3199999928474426
247,2,unchanged,0.3199999928474426,0.3199999928474426
248,1,unchanged,0.0,0.0
248,2,whole_fence,0.0,0.0
249,1,unchanged,1.0,1.0
249,2,unchanged,1.0,1.0
250,1,unchanged,0.4000000059604645,0.4000000059604645
250,2,unchanged,0.4000000059604645,0.4000000059604645
251,1,whole_fence,0.0,0.0
251,2,whole_fence,0.0,0.0
252,1,unchanged,0.5333333611488342,0.5333333611488342
252,2,unchanged,0.4571428596973419,0.4571428596973419
253,1,unchanged,1.0,1.0
253,2,unchanged,0.4000000059604645,0.4000000059604645
254,1,unchanged,0.0,0.0
254,2,unchanged,0.0,0.0
255,1,whole_fence,0.0,0.0
255,2,whole_fence,0.0,0.0
256,1,unchanged,0.5333333611488342,0.5333333611488342
256,2,unchanged,0.5333333611488342,0.5333333611488342
257,1,unchanged,0.4000000059604645,0.4000000059604645
257,2,unchanged,0.0,0.0
258,1,unchanged,0.4000000059604645,0.4000000059604645
258,2,unchanged,0.0,0.0
259,1,unchanged,0.5333333611488342,0.5333333611488342
259,2,unchanged,0.5333333611488342,0.5333333611488342
260,1,unchanged,0.22857142984867096,0.22857142984867096
260,2,unchanged,0.22857142984867096,0.22857142984867096
261,1,unchanged,0.6666666865348816,0.6666666865348816
261,2,unchanged,0.47999998927116394,0.47999998927116394
262,1,unchanged,1.0,1.0
262,2,unchanged,1.0,1.0
263,1,unchanged,0.0,0.0
263,2,whole_fence,0.0,0.0
264,1,unchanged,0.3199999928474426,0.3199999928474426
264,2,unchanged,0.3199999928474426,0.3199999928474426
265,1,whole_fence,0.0,0.0
265,2,unchanged,0.0,0.0
266,1,unchanged,1.0,1.0
266,2,unchanged,1.0,1.0
267,1,unchanged,0.0,0.0
267,2,whole_fence,0.0,0.0
268,1,whole_fence,0.0,0.16000000000000003
268,2,unchanged,0.0,0.0
269,1,unchanged,0.6518518328666687,0.6518518328666687
269,2,unchanged,0.5538461804389954,0.5538461804389954
270,1,unchanged,0.4000000059604645,0.4000000059604645
270,2,unchanged,0.4000000059604645,0.4000000059604645
271,1,unchanged,0.4000000059604645,0.4000000059604645
271,2,unchanged,0.4000000059604645,0.4000000059604645
272,1,unchanged,0.5333333611488342,0.5333333611488342
272,2,unchanged,0.5333333611488342,0.5333333611488342
273,1,unchanged,0.4000000059604645,0.4000000059604645
273,2,unchanged,0.4000000059604645,0.4000000059604645
274,1,unchanged,0.22857142984867096,0.22857142984867096
274,2,unchanged,0.22857142984867096,0.22857142984867096
275,1,unchanged,0.0,0.0
275,2,unchanged,0.1599999964237213,0.1599999964237213
276,1,unchanged,0.4000000059604645,0.4000000059604645
276,2,unchanged,0.4000000059604645,0.4000000059604645
277,1,unchanged,0.3199999928474426,0.3199999928474426
277,2,unchanged,0.4000000059604645,0.4000000059604645
278,1,whole_fence,0.0,0.0
278,2,whole_fence,0.0,0.16000000000000003
279,1,unchanged,0.4000000059604645,0.4000000059604645
279,2,unchanged,0.4000000059604645,0.4000000059604645
280,1,unchanged,0.4000000059604645,0.4000000059604645
280,2,unchanged,0.4000000059604645,0.4000000059604645
281,1,unchanged,0.4000000059604645,0.4000000059604645
281,2,unchanged,0.4000000059604645,0.4000000059604645
282,1,unchanged,0.4000000059604645,0.4000000059604645
282,2,unchanged,0.4000000059604645,0.4000000059604645
283,1,unchanged,0.4000000059604645,0.4000000059604645
283,2,unchanged,0.4000000059604645,0.4000000059604645
284,1,unchanged,1.0,1.0
284,2,unchanged,0.5333333611488342,0.5333333611488342
285,1,unchanged,0.5333333611488342,0.5333333611488342
285,2,unchanged,0.4000000059604645,0.4000000059604645
286,1,unchanged,0.13333334028720856,0.13333334028720856
286,2,unchanged,0.13333334028720856,0.13333334028720856
287,1,unchanged,0.0,0.0
287,2,whole_fence,0.0,0.0
288,1,unchanged,0.6769230961799622,0.6769230961799622
288,2,unchanged,0.7680000066757202,0.7680000066757202
289,1,unchanged,0.4000000059604645,0.4000000059604645
289,2,unchanged,0.4000000059604645,0.4000000059604645
290,1,unchanged,0.22857142984867096,0.22857142984867096
290,2,unchanged,0.22857142984867096,0.22857142984867096
291,1,unchanged,0.6399999856948853,0.6399999856948853
291,2,unchanged,0.6399999856948853,0.6399999856948853
292,1,unchanged,0.4571428596973419,0.4571428596973419
292,2,unchanged,0.6000000238418579,0.6000000238418579
293,1,unchanged,0.4571428596973419,0.4571428596973419
293,2,unchanged,0.35555556416511536,0.35555556416511536
294,1,unchanged,0.5333333611488342,0.5333333611488342
294,2,unchanged,1.0,1.0
295,1,unchanged,0.0,0.0
295,2,whole_fence,0.0,0.0
296,1,unchanged,0.20000000298023224,0.20000000298023224
296,2,whole_fence,0.0,0.0
297,1,unchanged,0.2666666805744171,0.2666666805744171
297,2,unchanged,0.6399999856948853,0.6399999856948853
298,1,unchanged,0.0,0.0
298,2,unchanged,0.0,0.0
299,1,unchanged,0.0,0.0
299,2,unchanged,0.0,0.0
300,1,unchanged,1.0,1.0
300,2,unchanged,1.0,1.0
301,1,unchanged,0.5333333611488342,0.5333333611488342
301,2,unchanged,0.4571428596973419,0.4571428596973419
302,1,whole_fence,0.0,0.0
302,2,whole_fence,0.0,0.0
303,1,unchanged,0.1599999964237213,0.1599999964237213
303,2,unchanged,0.0,0.0
304,1,whole_fence,0.0,0.0
304,2,unchanged,0.0,0.0
305,1,unchanged,0.4000000059604645,0.4000000059604645
305,2,unchanged,1.0,1.0
306,1,unchanged,0.4000000059604645,0.4000000059604645
306,2,unchanged,0.4000000059604645,0.4000000059604645
307,1,whole_fence,0.0,0.0
307,2,whole_fence,0.0,0.0
308,1,unchanged,0.4000000059604645,0.4000000059604645
308,2,unchanged,0.4000000059604645,0.4000000059604645
309,1,unchanged,0.4000000059604645,0.4000000059604645
309,2,unchanged,0.4000000059604645,0.4000000059604645
310,1,unchanged,0.4000000059604645,0.4000000059604645
310,2,unchanged,0.3199999928474426,0.3199999928474426
311,1,unchanged,0.22857142984867096,0.22857142984867096
311,2,unchanged,0.22857142984867096,0.22857142984867096
312,1,whole_fence,0.0,0.0
312,2,whole_fence,0.0,0.0
313,1,unchanged,0.3199999928474426,0.3199999928474426
313,2,unchanged,0.2666666805744171,0.2666666805744171
314,1,unchanged,0.4000000059604645,0.4000000059604645
314,2,unchanged,0.4000000059604645,0.4000000059604645
315,1,whole_fence,0.0,0.0
315,2,whole_fence,0.0,0.0
316,1,unchanged,0.4571428596973419,0.4571428596973419
316,2,unchanged,0.22857142984867096,0.22857142984867096
317,1,unchanged,0.6095238327980042,0.6095238327980042
317,2,unchanged,1.0,1.0
318,1,unchanged,0.4000000059604645,0.4000000059604645
318,2,unchanged,0.3199999928474426,0.3199999928474426
319,1,unchanged,1.0,1.0
319,2,unchanged,1.0,1.0
320,1,unchanged,0.5333333611488342,0.5333333611488342
320,2,unchanged,0.5333333611488342,0.5333333611488342
321,1,unchanged,0.5333333611488342,0.5333333611488342
321,2,unchanged,0.6666666865348816,0.6666666865348816
322,1,unchanged,0.4000000059604645,0.4000000059604645
322,2,unchanged,0.4000000059604645,0.4000000059604645
323,1,unchanged,1.0,1.0
323,2,unchanged,1.0,1.0
324,1,whole_fence,0.0,0.0
324,2,whole_fence,0.0,0.0
325,1,unchanged,1.0,1.0
325,2,unchanged,1.0,1.0
326,1,unchanged,0.4000000059604645,0.4000000059604645
326,2,unchanged,0.4000000059604645,0.4000000059604645
327,1,whole_fence,0.0,0.0
327,2,whole_fence,0.0,0.0
328,1,unchanged,0.0,0.0
328,2,whole_fence,0.0,0.0
329,1,unchanged,0.5333333611488342,0.5333333611488342
329,2,unchanged,0.5333333611488342,0.5333333611488342
330,1,whole_fence,0.0,0.0
330,2,whole_fence,0.0,0.0
331,1,unchanged,1.0,1.0
331,2,unchanged,1.0,1.0
332,1,unchanged,0.4000000059604645,0.4000000059604645
332,2,unchanged,0.4000000059604645,0.4000000059604645
333,1,unchanged,0.7111111283302307,0.7111111283302307
333,2,unchanged,0.7384615540504456,0.7384615540504456
334,1,unchanged,0.3199999928474426,0.3199999928474426
334,2,unchanged,0.4000000059604645,0.4000000059604645
335,1,whole_fence,0.0,0.0
335,2,unchanged,0.0,0.0
336,1,unchanged,0.6857143044471741,0.6857143044471741
336,2,unchanged,1.0,1.0
337,1,unchanged,0.4571428596973419,0.4571428596973419
337,2,unchanged,0.22857142984867096,0.22857142984867096
338,1,unchanged,0.3199999928474426,0.3199999928474426
338,2,unchanged,0.3199999928474426,0.3199999928474426
339,1,unchanged,1.0,1.0
339,2,unchanged,1.0,1.0
340,1,unchanged,0.4000000059604645,0.4000000059604645
340,2,unchanged,0.4000000059604645,0.4000000059604645
341,1,whole_fence,0.0,0.0
341,2,unchanged,0.0,0.0
342,1,unchanged,0.0,0.0
342,2,unchanged,0.0,0.0
343,1,unchanged,0.6399999856948853,0.6399999856948853
343,2,unchanged,1.0,1.0
344,1,unchanged,0.20000000298023224,0.20000000298023224
344,2,unchanged,0.0,0.0
345,1,whole_fence,0.0,0.0
345,2,unchanged,0.0,0.0
346,1,unchanged,0.0,0.0
346,2,whole_fence,0.0,0.0
347,1,unchanged,0.0,0.0
347,2,unchanged,0.0,0.0
348,1,unchanged,0.4000000059604645,0.4000000059604645
348,2,unchanged,0.4000000059604645,0.4000000059604645
349,1,unchanged,0.4000000059604645,0.4000000059604645
349,2,unchanged,0.4000000059604645,0.4000000059604645
350,1,whole_fence,0.0,0.0
350,2,whole_fence,0.0,0.0
351,1,unchanged,0.0,0.0
351,2,unchanged,0.0,0.0
352,1,unchanged,0.4000000059604645,0.4000000059604645
352,2,unchanged,0.3199999928474426,0.3199999928474426
353,1,unchanged,0.3199999928474426,0.3199999928474426
353,2,unchanged,0.4000000059604645,0.4000000059604645
354,1,unchanged,0.6000000238418579,0.6000000238418579
354,2,unchanged,0.0,0.0
355,1,unchanged,0.6095238327980042,0.6095238327980042
355,2,unchanged,0.6095238327980042,0.6095238327980042
356,1,unchanged,0.22857142984867096,0.22857142984867096
356,2,unchanged,0.20000000298023224,0.20000000298023224
357,1,unchanged,0.4000000059604645,0.4000000059604645
357,2,unchanged,0.4000000059604645,0.4000000059604645
358,1,unchanged,0.4000000059604645,0.4000000059604645
358,2,unchanged,0.4000000059604645,0.4000000059604645
359,1,whole_fence,0.0,0.0
359,2,whole_fence,0.0,0.0
360,1,unchanged,0.4000000059604645,0.4000000059604645
360,2,unchanged,0.4000000059604645,0.4000000059604645
361,1,response_wrapper,0.0,0.7272727272727273
361,2,response_wrapper,0.0,0.6545454545454547
362,1,unchanged,0.0,0.0
362,2,whole_fence,0.0,0.0
363,1,unchanged,0.4000000059604645,0.4000000059604645
363,2,unchanged,0.4000000059604645,0.4000000059604645
364,1,unchanged,0.4000000059604645,0.4000000059604645
364,2,unchanged,0.4000000059604645,0.4000000059604645
365,1,unchanged,1.0,1.0
365,2,unchanged,1.0,1.0
366,1,unchanged,0.581818163394928,0.581818163394928
366,2,unchanged,0.47999998927116394,0.47999998927116394
367,1,unchanged,0.6000000238418579,0.6000000238418579
367,2,unchanged,0.6000000238418579,0.6000000238418579
368,1,unchanged,0.3199999928474426,0.3199999928474426
368,2,unchanged,0.3199999928474426,0.3199999928474426
369,1,unchanged,0.4000000059604645,0.4000000059604645
369,2,unchanged,0.4000000059604645,0.4000000059604645
370,1,unchanged,0.4000000059604645,0.4000000059604645
370,2,unchanged,0.4000000059604645,0.4000000059604645
371,1,unchanged,0.4000000059604645,0.4000000059604645
371,2,unchanged,0.3199999928474426,0.3199999928474426
372,1,unchanged,0.4000000059604645,0.4000000059604645
372,2,unchanged,0.4000000059604645,0.4000000059604645
373,1,unchanged,0.6000000238418579,0.6000000238418579
373,2,unchanged,0.6000000238418579,0.6000000238418579
374,1,whole_fence,0.0,0.0
374,2,unchanged,0.0,0.0
375,1,whole_fence,0.0,0.0
375,2,whole_fence,0.0,0.0
376,1,unchanged,0.0,0.0
376,2,unchanged,0.0,0.0
377,1,unchanged,0.5333333611488342,0.5333333611488342
377,2,unchanged,0.3199999928474426,0.3199999928474426
378,1,unchanged,0.4571428596973419,0.4571428596973419
378,2,unchanged,0.4571428596973419,0.4571428596973419
379,1,whole_fence,0.0,0.0
379,2,whole_fence,0.0,0.0
380,1,unchanged,0.47999998927116394,0.47999998927116394
380,2,unchanged,0.4363636374473572,0.4363636374473572
381,1,unchanged,0.0,0.0
381,2,unchanged,0.0,0.0
382,1,unchanged,0.0,0.0
382,2,unchanged,0.0,0.0
383,1,whole_fence,0.0,0.0
383,2,whole_fence,0.0,0.0
384,1,unchanged,0.0,0.0
384,2,unchanged,0.0,0.0
385,1,unchanged,0.0,0.0
385,2,whole_fence,0.0,0.0
386,1,whole_fence,0.0,0.0
386,2,unchanged,0.0,0.0
387,1,unchanged,0.0,0.0
387,2,unchanged,0.0,0.0
388,1,unchanged,0.0,0.0
388,2,whole_fence,0.0,0.0
389,1,whole_fence,0.0,0.0
389,2,whole_fence,0.0,0.0
390,1,unchanged,0.0,0.0
390,2,unchanged,0.0,0.0
391,1,unchanged,0.0,0.0
391,2,whole_fence,0.0,0.0
392,1,unchanged,0.0,0.0
392,2,unchanged,0.0,0.0
393,1,unchanged,0.0,0.0
393,2,unchanged,0.0,0.0
394,1,unchanged,0.0,0.0
394,2,whole_fence,0.0,0.0
395,1,unchanged,0.0,0.0
395,2,unchanged,0.0,0.0
396,1,whole_fence,0.0,0.0
396,2,unchanged,0.0,0.0
397,1,unchanged,0.0,0.0
397,2,unchanged,0.0,0.0
398,1,whole_fence,0.0,0.0
398,2,whole_fence,0.0,0.0
399,1,unchanged,1.0,1.0
399,2,unchanged,1.0,1.0
400,1,unchanged,0.0,0.0
400,2,unchanged,0.0,0.0
401,1,whole_fence,0.0,0.0
401,2,whole_fence,0.0,0.0
402,1,unchanged,0.0,0.0
402,2,unchanged,0.0,0.0
403,1,response_wrapper,0.0,0.6545454545454547
403,2,response_wrapper,0.0,0.6545454545454547
404,1,response_wrapper,0.0,0.7272727272727273
404,2,response_wrapper,0.0,1.0
405,1,unchanged,1.0,1.0
405,2,unchanged,1.0,1.0
406,1,response_wrapper,0.0,0.7272727272727273
406,2,response_wrapper,0.0,1.0
407,1,unchanged,0.0,0.0
407,2,unchanged,0.0,0.0
408,1,unchanged,0.5090909004211426,0.5090909004211426
408,2,unchanged,0.5090909004211426,0.5090909004211426
409,1,response_wrapper,0.0,0.7272727272727273
409,2,response_wrapper,0.0,0.7272727272727273
410,1,response_wrapper,0.0,1.0
410,2,response_wrapper,0.0,0.7272727272727273
411,1,response_wrapper,0.0,1.0
411,2,response_wrapper,0.0,1.0
412,1,response_wrapper,0.0,1.0
412,2,response_wrapper,0.0,1.0
413,1,response_wrapper,0.0,1.0
413,2,response_wrapper,0.0,1.0
414,1,response_wrapper,0.0,1.0
414,2,response_wrapper,0.0,1.0
415,1,response_wrapper,0.0,1.0
415,2,response_wrapper,0.0,1.0
416,1,response_wrapper,0.0,1.0
416,2,response_wrapper,0.0,1.0
417,1,response_wrapper,0.0,1.0
417,2,response_wrapper,0.0,1.0
418,1,response_wrapper,0.0,1.0
418,2,response_wrapper,0.0,1.0
419,1,response_wrapper,0.0,1.0
419,2,response_wrapper,0.0,1.0
420,1,response_wrapper,0.0,1.0
420,2,response_wrapper,0.0,0.7272727272727273
421,1,unchanged,0.0,0.0
421,2,unchanged,1.0,1.0
422,1,unchanged,0.0,0.0
422,2,unchanged,0.4000000059604645,0.4000000059604645
423,1,unchanged,0.4000000059604645,0.4000000059604645
423,2,unchanged,0.4000000059604645,0.4000000059604645
424,1,unchanged,0.0,0.0
424,2,unchanged,0.0,0.0
425,1,unchanged,0.4000000059604645,0.4000000059604645
425,2,unchanged,0.4000000059604645,0.4000000059604645
426,1,unchanged,0.4000000059604645,0.4000000059604645
426,2,unchanged,0.4000000059604645,0.4000000059604645
427,1,unchanged,0.4000000059604645,0.4000000059604645
427,2,unchanged,0.4000000059604645,0.4000000059604645
428,1,unchanged,0.4000000059604645,0.4000000059604645
428,2,unchanged,0.4000000059604645,0.4000000059604645
429,1,unchanged,0.4000000059604645,0.4000000059604645
429,2,unchanged,0.4000000059604645,0.4000000059604645
430,1,unchanged,0.4000000059604645,0.4000000059604645
430,2,unchanged,0.4000000059604645,0.4000000059604645
431,1,unchanged,0.4000000059604645,0.4000000059604645
431,2,unchanged,0.4000000059604645,0.4000000059604645
432,1,unchanged,0.4000000059604645,0.4000000059604645
432,2,unchanged,0.0,0.0
433,1,unchanged,0.4000000059604645,0.4000000059604645
433,2,unchanged,0.4000000059604645,0.4000000059604645
434,1,unchanged,0.4000000059604645,0.4000000059604645
434,2,unchanged,0.4000000059604645,0.4000000059604645
435,1,unchanged,0.4000000059604645,0.4000000059604645
435,2,unchanged,0.4000000059604645,0.4000000059604645
436,1,unchanged,0.4000000059604645,0.4000000059604645
436,2,unchanged,0.4000000059604645,0.4000000059604645
437,1,unchanged,0.4000000059604645,0.4000000059604645
437,2,unchanged,0.4000000059604645,0.4000000059604645
438,1,unchanged,0.4000000059604645,0.4000000059604645
438,2,unchanged,0.4000000059604645,0.4000000059604645
439,1,unchanged,0.4000000059604645,0.4000000059604645
439,2,unchanged,0.4000000059604645,0.4000000059604645
440,1,unchanged,0.4000000059604645,0.4000000059604645
440,2,unchanged,0.4000000059604645,0.4000000059604645
441,1,unchanged,0.4000000059604645,0.4000000059604645
441,2,unchanged,0.4000000059604645,0.4000000059604645
442,1,unchanged,0.4000000059604645,0.4000000059604645
442,2,unchanged,0.0,0.0
443,1,unchanged,0.0,0.0
443,2,unchanged,0.0,0.0
444,1,unchanged,0.0,0.0
444,2,unchanged,0.0,0.0
445,1,whole_fence,0.0,0.0
445,2,unchanged,0.0,0.0
446,1,unchanged,0.0,0.0
446,2,unchanged,0.0,0.0
447,1,unchanged,0.5333333611488342,0.5333333611488342
447,2,unchanged,0.5333333611488342,0.5333333611488342
448,1,unchanged,0.5333333611488342,0.5333333611488342
448,2,unchanged,0.5333333611488342,0.5333333611488342
449,1,unchanged,1.0,1.0
449,2,unchanged,1.0,1.0
450,1,unchanged,1.0,1.0
450,2,unchanged,0.5333333611488342,0.5333333611488342
451,1,unchanged,0.4000000059604645,0.4000000059604645
451,2,unchanged,0.4000000059604645,0.4000000059604645
452,1,unchanged,0.20000000298023224,0.20000000298023224
452,2,unchanged,0.22857142984867096,0.22857142984867096
453,1,unchanged,0.7272727489471436,0.7272727489471436
453,2,unchanged,1.0,1.0
454,1,unchanged,1.0,1.0
454,2,unchanged,0.7272727489471436,0.7272727489471436
455,1,unchanged,1.0,1.0
455,2,unchanged,1.0,1.0
456,1,unchanged,0.4000000059604645,0.4000000059604645
456,2,unchanged,0.6000000238418579,0.6000000238418579
457,1,unchanged,1.0,1.0
457,2,unchanged,1.0,1.0
458,1,unchanged,0.6857143044471741,0.6857143044471741
458,2,unchanged,0.4571428596973419,0.4571428596973419
459,1,unchanged,0.0,0.0
459,2,unchanged,0.4571428596973419,0.4571428596973419
460,1,unchanged,1.0,1.0
460,2,unchanged,0.5333333611488342,0.5333333611488342
461,1,unchanged,0.6000000238418579,0.6000000238418579
461,2,unchanged,0.0,0.0
462,1,unchanged,0.0,0.0
462,2,unchanged,0.0,0.0
463,1,unchanged,0.0,0.0
463,2,unchanged,0.0,0.0
464,1,whole_fence,0.0,0.0
464,2,unchanged,0.0,0.0
465,1,unchanged,1.0,1.0
465,2,unchanged,1.0,1.0
466,1,unchanged,1.0,1.0
466,2,unchanged,1.0,1.0
467,1,unchanged,1.0,1.0
467,2,unchanged,1.0,1.0
468,1,unchanged,1.0,1.0
468,2,unchanged,1.0,1.0
469,1,unchanged,1.0,1.0
469,2,unchanged,1.0,1.0
470,1,unchanged,1.0,1.0
470,2,unchanged,1.0,1.0
471,1,unchanged,1.0,1.0
471,2,unchanged,1.0,1.0
472,1,unchanged,1.0,1.0
472,2,unchanged,1.0,1.0
473,1,unchanged,0.4000000059604645,0.4000000059604645
473,2,unchanged,0.4000000059604645,0.4000000059604645
474,1,unchanged,0.0,0.0
474,2,unchanged,0.2545454502105713,0.2545454502105713
475,1,unchanged,0.0,0.0
475,2,unchanged,0.0,0.0
476,1,unchanged,0.6399999856948853,0.6399999856948853
476,2,unchanged,1.0,1.0
477,1,unchanged,0.5714285969734192,0.5714285969734192
477,2,unchanged,0.5714285969734192,0.5714285969734192
478,1,unchanged,0.0,0.0
478,2,unchanged,0.0,0.0
479,1,unchanged,0.0,0.0
479,2,unchanged,0.0,0.0
