start,end,mean_reward,nonzero_adv_steps,entropy,readable_answers,tool_answers
1,50,0.13200366318225862,11,0.1301174028776586,100,14
51,100,0.2301570564508438,14,0.483363745380193,100,50
101,150,0.3626160514354706,22,0.42097089955583217,100,74
151,200,0.2901152688264847,11,0.47694748025387523,100,56
201,250,0.2642228016257286,10,0.4814062758535147,100,50
251,300,0.35602367505431176,16,0.3898751655500382,100,70
301,350,0.3568385876715183,15,0.3556156898243353,100,64
351,400,0.21593420177698136,8,0.48084276406094434,100,48
401,450,0.24484848767518996,5,0.500902979131788,100,10
451,480,0.5542308827241261,10,0.23932507527060806,58,50
